TestNo,MutantNo
74,387
74,388
74,389
74,390
74,391
74,392
74,393
74,394
74,395
74,396
74,397
74,398
74,399
74,400
74,401
74,402
74,403
74,404
74,405
74,406
74,407
74,408
74,409
74,410
74,411
74,412
74,413
74,414
74,415
74,416
74,417
74,418
74,419
74,420
74,421
74,422
74,423
74,424
74,425
74,426
74,427
74,428
74,429
74,430
74,431
74,432
74,433
74,434
74,435
74,436
74,437
74,438
74,439
74,440
74,441
74,442
74,443
74,444
74,449
74,450
74,451
74,454
74,455
74,456
74,457
74,458
74,459
74,460
74,463
74,464
74,465
74,466
74,467
74,468
74,469
74,470
74,471
74,472
74,473
74,474
74,475
74,476
74,477
74,478
74,479
74,480
74,481
74,482
74,483
74,484
74,485
74,486
74,487
74,488
74,489
74,490
74,491
74,492
74,493
74,494
74,495
74,496
74,497
74,498
74,499
74,500
74,501
74,502
74,503
74,504
74,505
74,506
74,507
74,508
74,509
74,510
74,511
74,512
74,513
74,514
74,515
74,516
74,517
74,518
74,519
74,520
74,521
74,522
74,523
74,524
74,525
74,526
74,527
74,528
74,529
74,530
74,531
74,532
74,533
74,534
74,535
74,536
74,537
74,538
74,539
74,540
74,541
74,542
74,543
74,544
74,545
74,546
74,547
74,548
74,549
74,550
74,551
74,552
74,553
74,554
74,555
74,556
74,557
74,558
74,559
74,560
74,561
74,576
74,577
74,578
74,579
74,580
74,581
74,582
74,583
74,584
74,585
74,586
74,587
74,621
74,622
74,623
74,624
74,626
74,627
74,628
74,629
74,630
74,631
74,632
74,633
74,634
74,635
74,637
74,638
74,639
74,640
74,641
74,642
74,643
74,644
74,645
74,646
74,647
74,648
74,649
74,650
74,651
74,652
74,653
74,654
74,655
74,656
74,657
74,658
74,659
74,660
74,661
74,662
74,663
74,672
74,681
74,682
74,683
74,684
74,685
74,686
74,687
74,688
74,689
74,690
74,691
74,692
74,693
74,694
74,695
74,696
74,697
74,698
74,699
74,700
74,729
74,730
74,731
74,732
74,733
74,734
74,735
74,736
74,737
74,738
74,739
74,740
74,741
74,742
74,743
74,744
74,745
74,746
74,747
74,748
74,749
74,750
74,751
74,752
74,753
74,754
74,755
74,756
74,757
74,758
74,759
74,764
74,765
74,766
74,767
74,768
74,769
74,780
74,781
74,782
74,783
74,784
74,785
74,786
74,787
74,788
74,789
74,790
74,791
74,801
74,802
74,803
74,804
74,811
74,812
74,813
74,814
74,815
74,830
74,831
103,387
103,388
103,389
103,390
103,391
103,392
103,393
103,394
103,395
103,396
103,397
103,398
103,399
103,400
103,401
103,402
103,403
103,404
103,405
103,406
103,407
103,408
103,409
103,410
103,411
103,412
103,413
103,414
103,415
103,416
103,417
103,418
103,419
103,420
103,421
103,422
103,423
103,424
103,425
103,426
103,427
103,428
103,429
103,430
103,431
103,432
103,433
103,434
103,435
103,436
103,437
103,438
103,439
103,440
103,441
103,442
103,552
103,553
103,554
103,555
103,556
103,557
103,558
103,559
103,560
103,561
103,576
103,577
103,578
103,579
103,580
103,581
103,582
103,583
103,584
103,585
103,586
103,587
103,625
107,1
107,2
107,3
107,4
107,5
107,6
107,7
107,8
107,9
107,10
107,11
107,12
107,13
107,14
107,15
107,16
107,17
107,18
107,19
107,20
107,21
107,22
107,23
107,24
107,25
107,26
107,27
107,28
107,29
107,30
107,31
107,32
107,33
107,34
107,35
107,36
107,37
107,38
107,39
107,40
107,41
107,42
107,43
107,44
107,45
107,46
107,47
107,48
107,49
107,50
107,51
107,52
107,53
107,54
107,55
107,56
107,57
107,58
107,59
107,60
107,61
107,62
107,63
107,64
107,65
107,66
107,67
107,68
107,291
107,292
107,293
107,294
161,387
161,388
161,389
161,390
161,391
161,392
161,393
161,394
161,395
161,396
161,397
161,398
161,399
161,400
161,401
161,402
161,403
161,404
161,405
161,406
161,407
161,408
161,409
161,410
161,411
161,412
161,413
161,414
161,415
161,416
161,417
161,418
161,419
161,420
161,421
161,422
161,423
161,424
161,425
161,426
161,427
161,428
161,429
161,430
161,431
161,432
161,433
161,434
161,435
161,436
161,437
161,438
161,439
161,440
161,441
161,442
161,550
161,551
161,552
161,553
161,554
161,555
161,556
161,557
161,558
161,559
161,560
161,561
161,576
161,577
161,578
161,579
161,580
161,581
161,582
161,583
161,584
161,585
161,586
161,587
161,621
161,622
161,623
161,624
161,625
161,626
161,627
161,628
161,629
161,630
161,631
161,632
161,633
161,634
161,635
161,637
161,638
161,639
161,640
161,641
161,642
161,643
161,644
161,645
161,646
161,647
161,648
161,649
161,650
161,651
161,652
161,653
161,654
161,655
161,656
161,657
161,658
161,663
161,672
161,681
161,682
161,683
161,684
161,685
161,686
161,687
161,688
161,689
161,690
161,691
161,692
161,693
161,694
161,695
161,696
161,697
161,698
161,699
161,700
161,729
161,730
161,731
161,732
161,733
161,734
161,735
161,736
161,737
161,738
161,739
161,740
161,741
161,742
161,743
161,744
161,745
161,746
161,747
161,748
161,749
161,750
161,751
161,752
161,753
161,754
161,755
161,756
161,757
161,758
161,759
161,764
161,765
161,766
161,767
161,768
161,769
161,780
161,781
161,782
161,783
161,784
161,785
161,786
161,787
161,788
161,789
161,790
161,791
161,801
161,802
161,803
161,804
161,811
161,812
161,813
161,814
161,815
161,830
161,831
179,1
179,2
179,3
179,4
179,5
179,6
179,7
179,8
179,9
179,10
179,11
179,12
179,13
179,14
179,15
179,16
179,17
179,18
179,19
179,20
179,21
179,22
179,23
179,24
179,25
179,26
179,27
179,28
179,29
179,30
179,31
179,32
179,33
179,34
179,35
179,36
179,37
179,38
179,39
179,40
179,41
179,42
179,43
179,44
179,45
179,46
179,47
179,48
179,49
179,50
179,51
179,52
179,53
179,54
179,55
179,56
179,57
179,58
179,59
179,60
179,61
179,62
179,63
179,64
179,65
179,66
179,67
179,68
179,69
179,70
179,71
179,72
179,73
179,74
179,75
179,76
179,77
179,78
179,79
179,80
179,81
179,82
179,83
179,84
179,85
179,86
179,87
179,88
179,89
179,90
179,91
179,92
179,93
179,94
179,95
179,96
179,97
179,98
179,102
179,103
179,104
179,105
179,106
179,107
179,108
179,109
179,110
179,111
179,112
179,113
179,114
179,115
179,116
179,117
179,118
179,119
179,120
179,121
179,122
179,123
179,124
179,125
179,126
179,127
179,128
179,129
179,130
179,131
179,132
179,133
179,134
179,135
179,136
179,137
179,138
179,139
179,140
179,141
179,142
179,143
179,144
179,145
179,146
179,276
179,277
179,278
179,279
179,280
179,281
179,291
179,292
179,295
179,296
179,297
179,298
179,299
190,387
190,388
190,389
190,390
190,391
190,392
190,393
190,394
190,395
190,396
190,397
190,398
190,399
190,400
190,401
190,402
190,403
190,404
190,405
190,406
190,407
190,408
190,409
190,410
190,411
190,412
190,413
190,414
190,415
190,416
190,417
190,418
190,419
190,420
190,421
190,422
190,423
190,424
190,425
190,426
190,427
190,428
190,429
190,430
190,431
190,432
190,433
190,434
190,435
190,436
190,437
190,438
190,439
190,440
190,441
190,442
190,550
190,551
190,552
190,553
190,554
190,555
190,556
190,557
190,558
190,559
190,560
190,561
190,562
190,563
190,564
190,565
190,566
190,567
190,568
190,569
190,570
190,571
190,572
190,573
190,574
190,575
190,576
190,577
190,578
190,579
190,580
190,581
190,582
190,583
190,584
190,585
190,586
190,587
190,625
190,626
190,627
190,628
190,629
190,630
190,631
190,632
190,633
190,634
190,635
190,659
190,660
190,661
190,662
190,663
190,672
190,681
190,682
190,683
190,684
190,685
190,686
190,687
190,688
190,689
190,690
190,691
190,692
190,693
190,694
190,695
190,696
190,697
190,698
190,699
190,700
190,729
190,730
190,731
190,732
190,733
190,734
190,735
190,736
190,737
190,738
190,739
190,740
190,741
190,742
190,743
190,744
190,745
190,746
190,747
190,748
190,749
190,750
190,751
190,752
190,753
190,754
190,755
190,756
190,757
190,758
190,759
190,764
190,765
190,766
190,767
190,768
190,769
190,780
190,781
190,782
190,783
190,784
190,785
190,786
190,787
190,788
190,789
190,790
190,791
190,801
190,802
190,803
190,804
190,811
190,812
190,813
190,814
190,815
190,830
190,831
196,387
196,388
196,389
196,390
196,391
196,392
196,393
196,394
196,395
196,396
196,397
196,398
196,399
196,400
196,401
196,402
196,403
196,404
196,405
196,406
196,407
196,408
196,409
196,410
196,411
196,412
196,413
196,414
196,415
196,416
196,417
196,418
196,419
196,420
196,421
196,422
196,423
196,424
196,425
196,426
196,427
196,428
196,429
196,430
196,431
196,432
196,433
196,434
196,435
196,436
196,437
196,438
196,439
196,440
196,441
196,442
196,443
196,444
196,449
196,450
196,451
196,454
196,455
196,456
196,457
196,458
196,459
196,460
196,461
196,462
196,463
196,464
196,465
196,466
196,467
196,468
196,469
196,470
196,471
196,472
196,473
196,474
196,475
196,476
196,477
196,478
196,479
196,480
196,481
196,482
196,483
196,484
196,485
196,486
196,487
196,488
196,489
196,490
196,491
196,492
196,493
196,494
196,495
196,496
196,497
196,498
196,499
196,500
196,501
196,502
196,503
196,504
196,505
196,506
196,507
196,508
196,509
196,510
196,511
196,512
196,513
196,514
196,515
196,516
196,517
196,518
196,519
196,520
196,521
196,522
196,523
196,524
196,525
196,526
196,527
196,528
196,529
196,530
196,531
196,532
196,533
196,534
196,535
196,536
196,537
196,538
196,539
196,540
196,541
196,542
196,543
196,544
196,545
196,546
196,547
196,548
196,549
196,552
196,553
196,554
196,555
196,556
196,557
196,558
196,559
196,560
196,561
196,562
196,563
196,564
196,565
196,566
196,567
196,568
196,569
196,570
196,571
196,572
196,573
196,574
196,575
196,576
196,577
196,578
196,579
196,580
196,581
196,582
196,583
196,584
196,585
196,586
196,587
196,621
196,622
196,623
196,624
197,387
197,388
197,389
197,390
197,391
197,392
197,393
197,394
197,395
197,396
197,397
197,398
197,399
197,400
197,401
197,402
197,403
197,404
197,405
197,406
197,407
197,408
197,409
197,410
197,411
197,412
197,413
197,414
197,415
197,416
197,417
197,418
197,419
197,420
197,421
197,422
197,423
197,424
197,425
197,426
197,427
197,428
197,429
197,430
197,431
197,432
197,433
197,434
197,435
197,436
197,437
197,438
197,439
197,440
197,441
197,442
197,552
197,553
197,554
197,555
197,556
197,557
197,558
197,559
197,560
197,561
197,562
197,563
197,564
197,565
197,566
197,567
197,568
197,569
197,570
197,571
197,572
197,573
197,574
197,575
197,576
197,577
197,578
197,579
197,580
197,581
197,582
197,583
197,584
197,585
197,586
197,587
197,621
197,622
197,623
197,624
197,626
197,627
197,628
197,629
197,630
197,631
197,632
197,633
197,634
197,635
197,659
197,660
197,661
197,662
197,672
197,681
197,682
197,683
197,684
197,685
197,686
197,687
197,688
197,689
197,690
197,691
197,692
197,693
197,694
197,695
197,696
197,697
197,698
197,699
197,700
197,729
197,730
197,731
197,732
197,733
197,734
197,735
197,736
197,737
197,738
197,739
197,740
197,741
197,742
197,743
197,744
197,745
197,746
197,747
197,748
197,749
197,750
197,751
197,752
197,753
197,754
197,755
197,756
197,757
197,758
197,759
197,764
197,765
197,766
197,767
197,768
197,769
197,780
197,781
197,782
197,783
197,784
197,785
197,786
197,787
197,788
197,789
197,790
197,791
197,801
197,802
197,803
197,804
197,811
197,812
197,813
197,814
197,815
197,830
197,831
198,1
198,2
198,3
198,4
198,5
198,6
198,7
198,8
198,9
198,10
198,11
198,12
198,13
198,14
198,15
198,16
198,17
198,18
198,19
198,20
198,21
198,22
198,23
198,24
198,25
198,26
198,27
198,28
198,29
198,30
198,31
198,32
198,33
198,34
198,35
198,36
198,37
198,38
198,39
198,40
198,41
198,42
198,43
198,44
198,45
198,46
198,47
198,48
198,49
198,50
198,51
198,52
198,53
198,54
198,55
198,56
198,57
198,58
198,59
198,60
198,61
198,62
198,63
198,64
198,65
198,66
198,67
198,68
198,276
198,277
198,278
198,279
198,280
198,281
198,387
198,388
198,389
198,390
198,391
198,392
198,393
198,394
198,395
198,396
198,397
198,398
198,399
198,400
198,401
198,402
198,403
198,404
198,405
198,406
198,407
198,408
198,409
198,410
198,411
198,412
198,413
198,414
198,415
198,416
198,417
198,418
198,419
198,420
198,421
198,422
198,423
198,424
198,425
198,426
198,427
198,428
198,429
198,430
198,431
198,432
198,433
198,434
198,435
198,436
198,437
198,438
198,439
198,440
198,441
198,442
198,443
198,444
198,449
198,450
198,451
198,454
198,455
198,456
198,457
198,458
198,459
198,460
198,461
198,462
198,550
198,551
198,552
198,553
198,554
198,555
198,556
198,557
198,558
198,559
198,560
198,561
198,576
198,577
198,578
198,579
198,580
198,581
198,582
198,583
198,584
198,585
198,586
198,587
198,621
198,622
198,623
198,624
198,625
198,626
198,627
198,628
198,629
198,630
198,631
198,632
198,633
198,634
198,635
200,387
200,388
200,389
200,390
200,391
200,392
200,393
200,394
200,395
200,396
200,397
200,398
200,399
200,400
200,401
200,402
200,403
200,404
200,405
200,406
200,407
200,408
200,409
200,410
200,411
200,412
200,413
200,414
200,415
200,416
200,417
200,418
200,419
200,420
200,421
200,422
200,423
200,424
200,425
200,426
200,427
200,428
200,429
200,430
200,431
200,432
200,433
200,434
200,435
200,436
200,437
200,438
200,439
200,440
200,441
200,442
200,443
200,444
200,449
200,450
200,451
200,454
200,455
200,456
200,457
200,458
200,459
200,460
200,463
200,464
200,465
200,466
200,467
200,468
200,469
200,470
200,471
200,472
200,473
200,474
200,475
200,476
200,477
200,478
200,479
200,480
200,481
200,482
200,483
200,484
200,485
200,486
200,487
200,488
200,489
200,490
200,491
200,492
200,493
200,494
200,495
200,496
200,497
200,498
200,499
200,500
200,501
200,502
200,503
200,504
200,505
200,506
200,507
200,508
200,509
200,510
200,511
200,512
200,513
200,514
200,515
200,516
200,517
200,518
200,519
200,520
200,521
200,522
200,523
200,524
200,525
200,526
200,527
200,528
200,532
200,533
200,534
200,535
200,542
200,543
200,544
200,545
200,546
200,547
200,548
200,549
200,550
200,551
200,552
200,553
200,554
200,555
200,556
200,557
200,558
200,559
200,560
200,561
200,562
200,563
200,564
200,565
200,566
200,567
200,568
200,569
200,570
200,571
200,572
200,573
200,574
200,575
200,576
200,577
200,578
200,579
200,580
200,581
200,582
200,583
200,584
200,585
200,586
200,587
200,621
200,622
200,623
200,624
200,625
200,626
200,627
200,628
200,629
200,630
200,631
200,632
200,633
200,634
200,635
200,637
200,638
200,639
200,640
200,641
200,642
200,643
200,644
200,645
200,646
200,647
200,648
200,649
200,650
200,651
200,652
200,653
200,654
200,655
200,656
200,657
200,658
200,659
200,660
200,661
200,662
200,663
200,672
200,681
200,682
200,683
200,684
200,685
200,686
200,687
200,688
200,689
200,690
200,691
200,692
200,693
200,694
200,695
200,696
200,697
200,698
200,699
200,700
200,701
200,702
200,703
200,704
200,705
200,706
200,707
200,708
200,709
200,710
200,711
200,712
200,713
200,714
200,715
200,716
200,717
200,718
200,719
200,720
200,721
200,722
200,723
200,724
200,725
200,726
200,727
200,728
200,729
200,730
200,731
200,732
200,733
200,734
200,735
200,736
200,737
200,738
200,739
200,740
200,741
200,742
200,743
200,744
200,745
200,746
200,747
200,748
200,749
200,750
200,751
200,752
200,753
200,754
200,755
200,756
200,757
200,758
200,759
200,764
200,765
200,766
200,767
200,768
200,769
200,780
200,781
200,782
200,783
200,784
200,785
200,786
200,787
200,788
200,789
200,790
200,791
200,801
200,802
200,803
200,804
200,811
200,812
200,813
200,814
200,815
200,830
200,831
245,387
245,388
245,389
245,390
245,391
245,392
245,393
245,394
245,395
245,396
245,397
245,398
245,399
245,400
245,401
245,402
245,403
245,404
245,405
245,406
245,407
245,408
245,409
245,410
245,411
245,412
245,413
245,414
245,415
245,416
245,417
245,418
245,419
245,420
245,421
245,422
245,423
245,424
245,425
245,426
245,427
245,428
245,429
245,430
245,431
245,432
245,433
245,434
245,435
245,436
245,437
245,438
245,439
245,440
245,441
245,442
245,443
245,444
245,449
245,450
245,451
245,454
245,455
245,456
245,457
245,458
245,459
245,460
245,461
245,462
245,463
245,464
245,465
245,466
245,467
245,468
245,469
245,470
245,471
245,472
245,473
245,474
245,475
245,476
245,477
245,478
245,479
245,480
245,481
245,482
245,483
245,484
245,485
245,486
245,487
245,488
245,489
245,490
245,491
245,492
245,493
245,494
245,495
245,496
245,497
245,498
245,499
245,500
245,501
245,502
245,503
245,504
245,505
245,506
245,507
245,508
245,509
245,510
245,511
245,512
245,513
245,514
245,515
245,516
245,517
245,518
245,519
245,520
245,521
245,522
245,523
245,524
245,525
245,526
245,527
245,528
245,529
245,530
245,531
245,532
245,533
245,534
245,535
245,536
245,537
245,538
245,539
245,540
245,541
245,542
245,543
245,544
245,545
245,546
245,547
245,548
245,549
245,550
245,551
245,552
245,553
245,554
245,555
245,556
245,557
245,558
245,559
245,560
245,561
245,576
245,577
245,578
245,579
245,580
245,581
245,582
245,583
245,584
245,585
245,586
245,587
245,625
298,1
298,2
298,3
298,4
298,5
298,6
298,7
298,8
298,9
298,10
298,11
298,12
298,13
298,14
298,15
298,16
298,17
298,18
298,19
298,20
298,21
298,22
298,23
298,24
298,25
298,26
298,27
298,28
298,29
298,30
298,31
298,32
298,33
298,34
298,35
298,36
298,37
298,38
298,39
298,40
298,41
298,42
298,43
298,44
298,45
298,46
298,47
298,48
298,49
298,50
298,51
298,52
298,53
298,54
298,55
298,56
298,57
298,58
298,59
298,60
298,61
298,62
298,63
298,64
298,65
298,66
298,67
298,68
298,147
298,148
298,149
298,152
298,153
298,154
298,155
298,156
298,157
298,158
298,159
298,160
298,161
298,162
298,163
298,164
298,165
298,166
298,167
298,168
298,169
298,170
298,171
298,172
298,173
298,174
298,175
298,176
298,177
298,178
298,179
298,180
298,181
298,182
298,183
298,184
298,185
298,186
298,187
298,188
298,189
298,190
298,191
298,192
298,193
298,194
298,195
298,196
298,197
298,198
298,199
298,200
298,201
298,202
298,203
298,204
298,205
298,206
298,207
298,208
298,209
298,210
298,211
298,212
298,213
298,214
298,215
298,216
298,217
298,218
298,219
298,220
298,221
298,222
298,223
298,224
298,225
298,226
298,227
298,228
298,229
298,230
298,231
298,232
298,233
298,234
298,235
298,236
298,237
298,238
298,239
298,240
298,241
298,242
298,243
298,244
298,245
298,261
298,262
298,263
298,264
298,265
298,266
298,267
298,268
298,269
298,270
298,271
298,272
298,276
298,277
298,278
298,279
298,280
298,281
298,291
298,292
298,293
298,294
298,295
298,296
298,297
298,298
298,299
298,337
298,338
298,339
298,340
298,341
298,342
298,343
298,344
298,345
298,346
298,347
298,370
298,371
298,372
298,373
298,374
298,375
298,376
298,377
298,378
298,379
302,387
302,388
302,389
302,390
302,391
302,392
302,393
302,394
302,395
302,396
302,397
302,398
302,399
302,400
302,401
302,402
302,403
302,404
302,405
302,406
302,407
302,408
302,409
302,410
302,411
302,412
302,413
302,414
302,415
302,416
302,417
302,418
302,419
302,420
302,421
302,422
302,423
302,424
302,425
302,426
302,427
302,428
302,429
302,430
302,431
302,432
302,433
302,434
302,435
302,436
302,437
302,438
302,439
302,440
302,441
302,442
302,550
302,551
302,552
302,553
302,554
302,555
302,556
302,557
302,558
302,559
302,560
302,561
302,562
302,563
302,564
302,565
302,566
302,567
302,568
302,569
302,570
302,571
302,572
302,573
302,574
302,575
302,576
302,577
302,578
302,579
302,580
302,581
302,582
302,583
302,584
302,585
302,586
302,587
302,625
302,626
302,627
302,628
302,629
302,630
302,631
302,632
302,633
302,634
302,635
302,637
302,638
302,639
302,640
302,641
302,642
302,643
302,644
302,645
302,646
302,647
302,648
302,649
302,650
302,651
302,652
302,653
302,654
302,655
302,656
302,657
302,658
302,659
302,660
302,661
302,662
302,663
302,672
302,681
302,682
302,683
302,684
302,685
302,686
302,687
302,688
302,689
302,690
302,691
302,692
302,693
302,694
302,695
302,696
302,697
302,698
302,699
302,700
302,701
302,702
302,703
302,704
302,705
302,706
302,707
302,708
302,709
302,710
302,711
302,712
302,713
302,714
302,715
302,716
302,717
302,718
302,719
302,720
302,721
302,722
302,723
302,724
302,725
302,726
302,727
302,728
302,729
302,730
302,731
302,732
302,733
302,734
302,735
302,736
302,737
302,738
302,739
302,740
302,741
302,742
302,743
302,744
302,745
302,746
302,747
302,748
302,749
302,750
302,751
302,752
302,753
302,754
302,755
302,756
302,757
302,758
302,759
302,764
302,765
302,766
302,767
302,768
302,769
302,780
302,781
302,782
302,783
302,784
302,785
302,786
302,787
302,788
302,789
302,790
302,791
302,801
302,802
302,803
302,804
302,811
302,812
302,813
302,814
302,815
302,830
302,831
302,832
302,833
302,834
302,835
302,836
302,837
309,1
309,2
309,3
309,4
309,5
309,6
309,7
309,8
309,9
309,10
309,11
309,12
309,13
309,14
309,15
309,16
309,17
309,18
309,19
309,20
309,21
309,22
309,23
309,24
309,25
309,26
309,27
309,28
309,29
309,30
309,31
309,32
309,33
309,34
309,35
309,36
309,37
309,38
309,39
309,40
309,41
309,42
309,43
309,44
309,45
309,46
309,47
309,48
309,49
309,50
309,51
309,52
309,53
309,54
309,55
309,56
309,57
309,58
309,59
309,60
309,61
309,62
309,63
309,64
309,65
309,66
309,67
309,68
309,69
309,70
309,273
309,274
309,275
309,276
309,277
309,278
309,279
309,280
309,281
309,291
309,292
309,293
309,294
309,295
309,296
309,297
309,298
309,299
309,338
309,339
309,340
309,341
309,342
309,371
309,372
309,373
309,374
309,375
309,376
309,377
309,378
309,379
317,1
317,2
317,3
317,4
317,5
317,6
317,7
317,8
317,9
317,10
317,11
317,12
317,13
317,14
317,15
317,16
317,17
317,18
317,19
317,20
317,21
317,22
317,23
317,24
317,25
317,26
317,27
317,28
317,29
317,30
317,31
317,32
317,33
317,34
317,35
317,36
317,37
317,38
317,39
317,40
317,41
317,42
317,43
317,44
317,45
317,46
317,47
317,48
317,49
317,50
317,51
317,52
317,53
317,54
317,55
317,56
317,57
317,58
317,59
317,60
317,61
317,62
317,63
317,64
317,65
317,66
317,67
317,68
317,69
317,70
317,273
317,274
317,275
317,276
317,277
317,278
317,279
317,280
317,281
317,291
317,292
317,293
317,294
317,295
317,296
317,297
317,298
317,299
317,338
317,339
317,340
317,341
317,342
317,371
317,372
317,373
317,374
317,375
317,376
317,377
317,378
317,379
335,1
335,2
335,3
335,4
335,5
335,6
335,7
335,8
335,9
335,10
335,11
335,12
335,13
335,14
335,15
335,16
335,17
335,18
335,19
335,20
335,21
335,22
335,23
335,24
335,25
335,26
335,27
335,28
335,29
335,30
335,31
335,32
335,33
335,34
335,35
335,36
335,37
335,38
335,39
335,40
335,41
335,42
335,43
335,44
335,45
335,46
335,47
335,48
335,49
335,50
335,51
335,52
335,53
335,54
335,55
335,56
335,57
335,58
335,59
335,60
335,61
335,62
335,63
335,64
335,65
335,66
335,67
335,68
335,69
335,70
335,273
335,274
335,275
335,276
335,277
335,278
335,279
335,280
335,281
335,291
335,292
335,293
335,294
335,295
335,296
335,297
335,298
335,299
335,338
335,339
335,340
335,341
335,342
335,371
335,372
335,373
335,374
335,375
335,376
335,377
335,378
335,379
365,1
365,2
365,3
365,4
365,5
365,6
365,7
365,8
365,9
365,10
365,11
365,12
365,13
365,14
365,15
365,16
365,17
365,18
365,19
365,20
365,21
365,22
365,23
365,24
365,25
365,26
365,27
365,28
365,29
365,30
365,31
365,32
365,33
365,34
365,35
365,36
365,37
365,38
365,39
365,40
365,41
365,42
365,43
365,44
365,45
365,46
365,47
365,48
365,49
365,50
365,51
365,52
365,53
365,54
365,55
365,56
365,57
365,58
365,59
365,60
365,61
365,62
365,63
365,64
365,65
365,66
365,67
365,68
365,261
365,262
365,263
365,264
365,265
365,266
365,267
365,268
365,269
365,276
365,277
365,278
365,279
365,280
365,281
365,291
365,292
365,293
365,294
365,295
365,296
365,297
365,298
365,299
365,338
365,339
365,340
365,341
365,342
365,371
365,372
365,373
365,374
365,375
365,376
365,377
365,378
365,379
367,387
367,388
367,389
367,390
367,391
367,392
367,393
367,394
367,395
367,396
367,397
367,398
367,399
367,400
367,401
367,402
367,403
367,404
367,405
367,406
367,407
367,408
367,409
367,410
367,411
367,412
367,413
367,414
367,415
367,416
367,417
367,418
367,419
367,420
367,421
367,422
367,423
367,424
367,425
367,426
367,427
367,428
367,429
367,430
367,431
367,432
367,433
367,434
367,435
367,436
367,437
367,438
367,439
367,440
367,441
367,442
367,550
367,551
367,552
367,553
367,554
367,555
367,556
367,557
367,558
367,559
367,560
367,561
367,562
367,563
367,564
367,565
367,566
367,567
367,568
367,569
367,570
367,571
367,572
367,573
367,574
367,575
367,576
367,577
367,578
367,579
367,580
367,581
367,582
367,583
367,584
367,585
367,586
367,587
367,625
367,626
367,627
367,628
367,629
367,630
367,631
367,632
367,633
367,634
367,635
367,637
367,638
367,639
367,640
367,641
367,642
367,643
367,644
367,645
367,646
367,647
367,648
367,649
367,650
367,651
367,652
367,653
367,654
367,655
367,656
367,657
367,658
367,659
367,660
367,661
367,662
367,663
367,672
367,681
367,682
367,683
367,684
367,685
367,686
367,687
367,688
367,689
367,690
367,691
367,692
367,693
367,694
367,695
367,696
367,697
367,698
367,699
367,700
367,701
367,702
367,703
367,704
367,705
367,706
367,707
367,708
367,709
367,710
367,711
367,712
367,713
367,714
367,715
367,716
367,717
367,718
367,719
367,720
367,721
367,722
367,723
367,724
367,725
367,726
367,727
367,728
367,729
367,730
367,731
367,732
367,733
367,734
367,735
367,736
367,737
367,738
367,739
367,740
367,741
367,742
367,743
367,744
367,745
367,746
367,747
367,748
367,749
367,750
367,751
367,752
367,753
367,754
367,755
367,756
367,757
367,758
367,759
367,764
367,765
367,766
367,767
367,768
367,769
367,780
367,781
367,782
367,783
367,784
367,785
367,786
367,787
367,788
367,789
367,790
367,791
367,801
367,802
367,803
367,804
367,811
367,812
367,813
367,814
367,815
367,830
367,831
367,832
367,833
367,834
367,835
367,836
367,837
372,1
372,2
372,3
372,4
372,5
372,6
372,7
372,8
372,9
372,10
372,11
372,12
372,13
372,14
372,15
372,16
372,17
372,18
372,19
372,20
372,21
372,22
372,23
372,24
372,25
372,26
372,27
372,28
372,29
372,30
372,31
372,32
372,33
372,34
372,35
372,36
372,37
372,38
372,39
372,40
372,41
372,42
372,43
372,44
372,45
372,46
372,47
372,48
372,49
372,50
372,51
372,52
372,53
372,54
372,55
372,56
372,57
372,58
372,59
372,60
372,61
372,62
372,63
372,64
372,65
372,66
372,67
372,68
372,71
372,72
372,73
372,74
372,75
372,76
372,77
372,78
372,79
372,80
372,81
372,82
372,83
372,84
372,85
372,86
372,87
372,88
372,89
372,90
372,91
372,92
372,93
372,94
372,95
372,96
372,97
372,98
372,99
372,100
372,101
372,102
372,103
372,104
372,105
372,106
372,107
372,108
372,109
372,110
372,111
372,112
372,113
372,114
372,115
372,116
372,117
372,118
372,119
372,120
372,121
372,122
372,123
372,124
372,125
372,126
372,127
372,128
372,129
372,130
372,131
372,132
372,133
372,134
372,135
372,136
372,137
372,138
372,139
372,140
372,141
372,142
372,143
372,144
372,145
372,146
372,261
372,262
372,263
372,264
372,265
372,266
372,267
372,268
372,269
372,276
372,277
372,278
372,279
372,280
372,281
372,291
372,292
372,293
372,294
372,295
372,296
372,297
372,298
372,299
372,337
372,338
372,339
372,340
372,341
372,342
372,371
372,372
372,373
372,374
372,375
372,376
372,377
372,378
372,379
